<?xml version="1.0" encoding="UTF-8" ?>
<!DOCTYPE struts PUBLIC "-//Apache Software Foundation//DTD Struts Configuration 2.1//EN" "http://struts.apache.org/dtds/struts-2.1.dtd">
<struts>
	<package name="admin" extends="json-default" namespace="/admin">
	  	<action name="Login*" class="com.nkl.admin.action.LoginAction" method="{1}">
	  		<result name="error">login.jsp</result>
	  		<result name="success" type="redirect">index.jsp</result>
	  		<result name="logout" type="redirect">login.jsp</result>
	  	</action>
	  	
	  	<action name="Admin_*" class="com.nkl.admin.action.AdminAction" method="{1}">
	  		<result name="loginTip" type="redirect">loginTip.jsp</result>
	  		<result name="infoTip">infoTip.jsp</result>
	  		<result name="userInfo" type="redirect">modifyInfo.jsp</result>
	  		<result name="userPwd" type="redirect">modifyPwd.jsp</result>
	  		<result name="stockerShow">stockerShow.jsp</result>
	  		<result name="stockerEdit">stockerEdit.jsp</result>
	  		<result name="userShow">userShow.jsp</result>
	  		<result name="userEdit">userEdit.jsp</result>
	  		<result name="bookTypeShow">bookTypeShow.jsp</result>
	  		<result name="bookTypeEdit">bookTypeEdit.jsp</result>
	  		<result name="stockShow">stockShow.jsp</result>
	  		<result name="stockEdit">stockEdit.jsp</result>
	  		<result name="bookShow">bookShow.jsp</result>
	  		<result name="bookDetail">bookDetail.jsp</result>
	  		<result name="bookEdit">bookEdit.jsp</result>
	  		<result name="ordersShow">ordersShow.jsp</result>
	  		<result name="logisticsShow">logisticsShow.jsp</result>
	  		<result name="logisticsEdit">logisticsEdit.jsp</result>
	  		<result name="ordersDetailShow">ordersDetailShow.jsp</result>
	  		<result name="applyShow">applyShow.jsp</result>
	  		<result name="applyAssessShow">applyAssessShow.jsp</result>
	  		<result name="applyEdit">applyEdit.jsp</result>
	  		<result name="applyEdit1">applyEdit1.jsp</result>
	  	</action>
	  	
	  	<action name="UploadImg" class="com.nkl.admin.action.UploadImgAction"> 
	  		<param name="savePath">images/books</param>	  
	  		<param name="savePath2">images/infos</param>	  
	  		<param name="allowedTypes">image/bmp,image/png,image/gif,image/jpeg,image/jpg,image/x-png,image/pjpeg</param>	    
	  		<param name="maximunSize">5245880</param>	    
	  		<result name="success">uploadImg${num}.jsp</result>
	  		<result name="input">uploadImg${num}.jsp</result>
	  	</action>
	</package>
</struts>    
