<?xml version="1.0" encoding="utf-8"?>
<!DOCTYPE hibernate-mapping PUBLIC "-//Hibernate/Hibernate Mapping DTD 3.0//EN"
"http://hibernate.sourceforge.net/hibernate-mapping-3.0.dtd">
<!-- 
    Mapping file autogenerated by MyEclipse Persistence Tools
-->
<hibernate-mapping>
    <class name="com.nkl.page.domain.Apply" table="apply">
        <id name="apply_id" type="java.lang.Integer">
            <column name="apply_id" />
            <generator class="native" />
        </id>
        <property name="user_id" type="java.lang.Integer">
            <column name="user_id" />
        </property>
        <property name="real_name" type="java.lang.String">
            <column name="real_name" length="50" />
        </property>
        <property name="stock_id" type="java.lang.Integer">
            <column name="stock_id" />
        </property>
        <property name="stock_name" type="java.lang.String">
            <column name="stock_name" length="50" />
        </property>
        <property name="book_no" type="java.lang.String">
            <column name="book_no" length="50" />
        </property>
        <property name="book_name" type="java.lang.String">
            <column name="book_name" length="50" />
        </property>
        <property name="stock_id2" type="java.lang.Integer">
            <column name="stock_id2" />
        </property>
        <property name="stock_name2" type="java.lang.String">
            <column name="stock_name2" length="50" />
        </property>
        <property name="book_count" type="java.lang.Integer">
            <column name="book_count" />
        </property>
        <property name="apply_date" type="java.util.Date">
            <column name="apply_date" length="10" />
        </property>
        <property name="apply_flag" type="java.lang.Integer">
            <column name="apply_flag">
                <comment>1:待确认 2:已确认</comment>
            </column>
        </property>
    </class>
</hibernate-mapping>
