<?xml version="1.0" encoding="utf-8"?>
<!DOCTYPE hibernate-mapping PUBLIC "-//Hibernate/Hibernate Mapping DTD 3.0//EN"
"http://hibernate.sourceforge.net/hibernate-mapping-3.0.dtd">
<!-- 
    Mapping file autogenerated by MyEclipse Persistence Tools
-->
<hibernate-mapping>
    <class name="com.nkl.page.domain.BookType" table="book_type">
        <id name="book_type_id" type="java.lang.Integer">
            <column name="book_type_id" />
            <generator class="native" />
        </id>
        <property name="book_type_name" type="java.lang.String">
            <column name="book_type_name" length="225" />
        </property>
    </class>
</hibernate-mapping>
