<?xml version="1.0" encoding="utf-8"?>
<!DOCTYPE hibernate-mapping PUBLIC "-//Hibernate/Hibernate Mapping DTD 3.0//EN"
"http://hibernate.sourceforge.net/hibernate-mapping-3.0.dtd">
<!-- 
    Mapping file autogenerated by MyEclipse Persistence Tools
-->
<hibernate-mapping>
    <class name="com.nkl.page.domain.Book" table="book">
        <id name="book_id" type="java.lang.Integer">
            <column name="book_id" />
            <generator class="native" />
        </id>
        <many-to-one name="stock" class="com.nkl.page.domain.Stock" fetch="select">
            <column name="stock_id" />
        </many-to-one>
        <many-to-one name="bookType" class="com.nkl.page.domain.BookType" fetch="select">
            <column name="book_type_id" />
        </many-to-one>
        <property name="book_no" type="java.lang.String">
            <column name="book_no" length="225" />
        </property>
        <property name="book_name" type="java.lang.String">
            <column name="book_name" length="225" />
        </property>
        <property name="book_pic" type="java.lang.String">
            <column name="book_pic" length="225" />
        </property>
        <property name="book_price" type="java.lang.Double">
            <column name="book_price" precision="22" scale="0" />
        </property>
        <property name="book_hobby" type="java.lang.String">
            <column name="book_hobby" length="300" />
        </property>
        <property name="book_count" type="java.lang.Integer">
            <column name="book_count" />
        </property>
        <property name="warn_count" type="java.lang.Integer">
            <column name="warn_count" />
        </property>
        <property name="book_desc" type="java.lang.String">
            <column name="book_desc" length="65535" />
        </property>
    </class>
</hibernate-mapping>
