<?xml version="1.0" encoding="utf-8"?>
<!DOCTYPE hibernate-mapping PUBLIC "-//Hibernate/Hibernate Mapping DTD 3.0//EN"
"http://hibernate.sourceforge.net/hibernate-mapping-3.0.dtd">
<!-- 
    Mapping file autogenerated by MyEclipse Persistence Tools
-->
<hibernate-mapping>
    <class name="com.nkl.page.domain.Evaluate" table="evaluate">
        <id name="evaluate_id" type="java.lang.Integer">
            <column name="evaluate_id" />
            <generator class="native" />
        </id>
        <property name="orders_no" type="java.lang.String">
            <column name="orders_no" length="50" />
        </property>
        <property name="user_id" type="java.lang.Integer">
            <column name="user_id" />
        </property>
        <property name="nick_name" type="java.lang.String">
            <column name="nick_name" length="50" />
        </property>
        <property name="book_no" type="java.lang.String">
            <column name="book_no" length="50" />
        </property>
        <property name="book_name" type="java.lang.String">
            <column name="book_name" length="50" />
        </property>
        <property name="evaluate_date" type="java.util.Date">
            <column name="evaluate_date" length="19" />
        </property>
        <property name="evaluate_level" type="java.lang.Integer">
            <column name="evaluate_level">
                <comment>1-差评 2-一般 3-比较满意 4-好评</comment>
            </column>
        </property>
        <property name="evaluate_content" type="java.lang.String">
            <column name="evaluate_content" length="100" />
        </property>
    </class>
</hibernate-mapping>
