<?xml version="1.0" encoding="utf-8"?>
<!DOCTYPE hibernate-mapping PUBLIC "-//Hibernate/Hibernate Mapping DTD 3.0//EN"
"http://hibernate.sourceforge.net/hibernate-mapping-3.0.dtd">
<!-- 
    Mapping file autogenerated by MyEclipse Persistence Tools
-->
<hibernate-mapping>
    <class name="com.nkl.page.domain.Logistics" table="logistics">
        <id name="logistics_id" type="java.lang.Integer">
            <column name="logistics_id" />
            <generator class="native" />
        </id>
        <property name="orders_no" type="java.lang.String">
            <column name="orders_no" length="50" />
        </property>
        <property name="logistics_date" type="java.util.Date">
            <column name="logistics_date" length="19" />
        </property>
        <property name="logistics_desc" type="java.lang.String">
            <column name="logistics_desc" length="300" />
        </property>
    </class>
</hibernate-mapping>
