<?xml version="1.0" encoding="utf-8"?>
<!DOCTYPE hibernate-mapping PUBLIC "-//Hibernate/Hibernate Mapping DTD 3.0//EN"
"http://hibernate.sourceforge.net/hibernate-mapping-3.0.dtd">
<!-- 
    Mapping file autogenerated by MyEclipse Persistence Tools
-->
<hibernate-mapping>
    <class name="com.nkl.page.domain.OrdersDetail" table="orders_detail">
        <id name="detail_id" type="java.lang.Integer">
            <column name="detail_id" />
            <generator class="native" />
        </id>
        <property name="orders_no" type="java.lang.String">
            <column name="orders_no" length="50" />
        </property>
        <property name="book_no" type="java.lang.String">
            <column name="book_no" length="50" />
        </property>
        <property name="book_name" type="java.lang.String">
            <column name="book_name" length="50" />
        </property>
        <property name="book_price" type="java.lang.Double">
            <column name="book_price" precision="22" scale="0" />
        </property>
        <property name="book_count" type="java.lang.Integer">
            <column name="book_count" />
        </property>
        <property name="book_money" type="java.lang.Double">
            <column name="book_money" precision="22" scale="0" />
        </property>
        <property name="stock_id" type="java.lang.Integer">
            <column name="stock_id" />
        </property>
        <property name="province_name" type="java.lang.String">
            <column name="province_name" length="50" />
        </property>
    </class>
</hibernate-mapping>
