<?xml version="1.0" encoding="utf-8"?>
<!DOCTYPE hibernate-mapping PUBLIC "-//Hibernate/Hibernate Mapping DTD 3.0//EN"
"http://hibernate.sourceforge.net/hibernate-mapping-3.0.dtd">
<!-- 
    Mapping file autogenerated by MyEclipse Persistence Tools
-->
<hibernate-mapping>
    <class name="com.nkl.page.domain.Orders" table="orders">
        <id name="orders_id" type="java.lang.Integer">
            <column name="orders_id" />
            <generator class="native" />
        </id>
        <property name="orders_no" type="java.lang.String">
            <column name="orders_no" length="50" />
        </property>
        <property name="orders_date" type="java.util.Date">
            <column name="orders_date" length="10" />
        </property>
        <property name="user_id" type="java.lang.Integer">
            <column name="user_id" />
        </property>
        <property name="real_name" type="java.lang.String">
            <column name="real_name" length="50" />
        </property>
        <property name="province_name" type="java.lang.String">
            <column name="province_name" length="50" />
        </property>
        <property name="user_address" type="java.lang.String">
            <column name="user_address" length="300" />
        </property>
        <property name="user_phone" type="java.lang.String">
            <column name="user_phone" length="50" />
        </property>
        <property name="orders_money" type="java.lang.Double">
            <column name="orders_money" precision="22" scale="0" />
        </property>
        <property name="orders_flag" type="java.lang.Integer">
            <column name="orders_flag">
                <comment>1：待收货 2-已收货 3-已评价</comment>
            </column>
        </property>
    </class>
</hibernate-mapping>
