<?xml version="1.0" encoding="utf-8"?>
<!DOCTYPE hibernate-mapping PUBLIC "-//Hibernate/Hibernate Mapping DTD 3.0//EN"
"http://hibernate.sourceforge.net/hibernate-mapping-3.0.dtd">
<!-- 
    Mapping file autogenerated by MyEclipse Persistence Tools
-->
<hibernate-mapping>
    <class name="com.nkl.page.domain.Stock" table="stock">
        <id name="stock_id" type="java.lang.Integer">
            <column name="stock_id" />
            <generator class="native" />
        </id>
        <property name="stock_name" type="java.lang.String">
            <column name="stock_name" length="225" />
        </property>
        <property name="province_name" type="java.lang.String">
            <column name="province_name" length="50" />
        </property>
        <many-to-one name="user" class="com.nkl.page.domain.User" fetch="select">
            <column name="user_id" />
        </many-to-one>
    </class>
</hibernate-mapping>
