<?xml version="1.0" encoding="utf-8"?>
<!DOCTYPE hibernate-mapping PUBLIC "-//Hibernate/Hibernate Mapping DTD 3.0//EN"
"http://hibernate.sourceforge.net/hibernate-mapping-3.0.dtd">
<!-- 
    Mapping file autogenerated by MyEclipse Persistence Tools
-->
<hibernate-mapping>
    <class name="com.nkl.page.domain.User" table="user">
        <id name="user_id" type="java.lang.Integer">
            <column name="user_id" />
            <generator class="native" />
        </id>
        <property name="user_name" type="java.lang.String">
            <column name="user_name" length="50" not-null="true" />
        </property>
        <property name="user_pass" type="java.lang.String">
            <column name="user_pass" length="200" not-null="true" />
        </property>
        <property name="real_name" type="java.lang.String">
            <column name="real_name" length="50" />
        </property>
        <property name="user_sex" type="java.lang.Integer">
            <column name="user_sex">
                <comment>1：男 0：女</comment>
            </column>
        </property>
        <property name="nick_name" type="java.lang.String">
            <column name="nick_name" length="50" />
        </property>
        <property name="user_age" type="java.lang.Integer">
            <column name="user_age" />
        </property>
        <property name="user_mail" type="java.lang.String">
            <column name="user_mail" length="50" />
        </property>
        <property name="user_hobby" type="java.lang.String">
            <column name="user_hobby" length="225" />
        </property>
        <property name="user_money" type="java.lang.Double">
            <column name="user_money" precision="22" scale="0" />
        </property>
        <property name="reg_date" type="java.util.Date">
            <column name="reg_date" length="19" />
        </property>
        <property name="user_type" type="java.lang.Integer">
            <column name="user_type">
                <comment>1:注册用户 2:仓库管理员 3:管理员 </comment>
            </column>
        </property>
    </class>
</hibernate-mapping>
